infectious,英文名称,英文名称小写,房间名称,房间描述,房间数量,房间面积,面宽,进深,高度,房间类型,房间楼层,医生数量,交通权重,布局权重,窗子权重,最小面积,最大面积,最小数量,最大数量
,waiting_triage_area,waiting_triage_area,候诊分诊,描述,,45.36,8.4,5.4,4.5,公共,0,0,19,19,3,20,250,1,1
,examination,examination,门诊诊室,描述,,16.2,3,5.4,4.5,诊疗,0,2,18,18,3,8.6,17.5,1,20
,nurse_station,nurse_station,护士站,描述,,29.16,5.4,5.4,4.5,公共,0,2,17,17,2,4,50,1,1
,therapeutic_room,therapeutic_room,治疗室,描述,,24.3,4.5,5.4,4.5,诊疗,0,1,16,16,3,15,99.9,1,5
,Patient_Restrooms,patient_restrooms,患者卫生间,描述,,17.82,3.3,5.4,4.5,公共,0,0,15,15,1,10,99.9,1,1
,Dirt_room,dirt_room,污物室,描述,,17.82,3.3,5.4,4.5,后勤,0,0,14,14,1,10,99.9,1,1
,Storeroom,storeroom,库房,描述,,17.82,3.3,5.4,4.5,后勤,0,0,13,13,1,10,99.9,1,1
,Observation_room,observation_room,观察室,描述,,19.44,3.6,5.4,4.5,诊疗,0,1,12,12,3,16,99.9,1,5
,Infusion_room,infusion_room,输液室,描述,,19.44,3.6,5.4,4.5,诊疗,0,1,11,11,3,16,99.9,1,5
,Laboratory,laboratory,化验室,描述,,19.44,3.6,5.4,4.5,医技,0,1,10,10,2,15,99.9,1,1
,Pharmacy,pharmacy,药房,描述,,17.82,3.3,5.4,4.5,公共,0,1,9,9,2,10,99.9,1,1
,Ultrasound_room,ultrasound_room,B超室,描述,,17.82,3.3,5.4,4.5,医技,0,1,8,8,2,10,99.9,1,1
,X-ray_examination_room,x-ray_examination_room,X线检查室,描述,,24.3,4.5,5.4,4.5,诊疗,0,1,7,7,0,15,99.9,1,1
,Secondary_Dressing_Room,secondary_dressing_room,二次更衣,描述,,17.82,3.3,5.4,4.5,后勤,0,0,6,6,1,10,99.9,1,1
,Restroom,restroom,卫生间,描述,,17.82,3.3,5.4,4.5,后勤,0,0,5,5,1,10,99.9,1,2
,Primary_Gowning_Area,primary_gowning_area,一次更衣区,描述,,17.82,3.3,5.4,4.5,后勤,0,0,4,4,1,10,99.9,1,1
,Medical_Staff/Office/Room,medical_staff/office/room,医护人员/办公室/用房,描述,,17.82,3.3,5.4,4.5,后勤,0,2,3,3,1,10,99.9,1,10
,Storage_Room,storage_room,储藏室,描述,,17.82,3.3,5.4,4.5,保障,0,0,2,2,0,10,99.9,1,5
,Other_Rooms,other_rooms,其它用房,描述,,17.82,3.3,5.4,4.5,保障,0,0,1,1,0,10,99.9,1,5
