opd_hall,英文名称,英文名称小写,房间名称,房间描述,房间数量,房间面积,面宽,进深,高度,房间类型,房间楼层,医生数量,交通权重,布局权重,窗子权重,最小面积,最大面积,最小数量,最大数量
,opd_reception_hall,opd_reception_hall,门诊接待大厅 ,描述,,45.36,8.4,5.4,4.5,公共,0,0,8,8,3,20,250,1,1
,opd_waiting_area,opd_waiting_area,等候 ,描述,,45.36,8.4,5.4,4.5,公共,0,0,7,7,3,20,250,1,5
,registration_room,registration_room,挂号处 ,描述,,29.16,5.4,5.4,4.5,公共,0,2,6,6,2,4,50,1,1
,opd_collect_fee_room,opd_collect_fee_room,收费处(总) ,描述,,29.16,5.4,5.4,4.5,公共,0,2,5,5,2,4,50,1,1
,opd_shop,opd_shop,商店 ,描述,,17.82,3.3,5.4,4.5,后勤,0,2,4,4,1,10,99.9,1,5
,public_toilet,public_toilet,公共卫生间 ,描述,,27.54,5.1,5.4,4.5,后勤,0,0,3,3,1,15,40,1,2
,office_room,office_room,办公室 ,描述,,17.82,3.3,5.4,4.5,后勤,0,2,2,2,1,10,99.9,1,10
,other_rooms,other_rooms,其它用房 ,描述,,17.82,3.3,5.4,4.5,后勤,0,2,1,1,0,10,99.9,1,10
