opd_pharmacy,英文名称,英文名称小写,房间名称,房间描述,房间数量,房间面积,面宽,进深,高度,房间类型,房间楼层,医生数量,交通权重,布局权重,窗子权重,最小面积,最大面积,最小数量,最大数量
,waiting_area,waiting_area,等候 ,描述,,45.36,8.4,5.4,4.5,公共,0,0,8,8,3,20,250,1,1
,chinese_medicine_room,chinese_medicine_room,门诊中药房 ,描述,,17.82,3.3,5.4,4.5,公共,0,2,7,7,2,10,99.9,1,5
,western_medicine_room,western_medicine_room,门诊西药房 ,描述,,17.82,3.3,5.4,4.5,公共,0,2,6,6,2,10,99.9,1,5
,office_room,office_room,办公室 ,描述,,17.82,3.3,5.4,4.5,后勤,0,2,5,5,1,10,99.9,1,10
,store_room,store_room,多用库房 ,描述,,17.82,3.3,5.4,4.5,保障,0,0,4,4,0,10,99.9,1,5
,doctor_restroom,doctor_restroom,医务人员更衣/厕所 ,描述,,27.54,5.1,5.4,4.5,后勤,0,0,3,3,1,15,40,1,2
,office_room_for_doctor,office_room_for_doctor,医护人员/办公室/用房 ,描述,,17.82,3.3,5.4,4.5,后勤,0,2,2,2,1,10,99.9,1,5
,other_rooms,other_rooms,其它用房,描述,,17.82,3.3,5.4,4.5,保障,0,0,1,1,0,10,99.9,1,5
